vuln_id,asset_id,vulnerability_name,cve,severity,cvss,exploit_available,patch_available,days_open,asset_exposure,auth_required,status,affected_component,asset_name,asset_type,environment,owner_team,business_service,internet_exposed,criticality,data_classification,edr_installed,last_seen_days,location,vendor_product,business_owner,business_impact,customer_facing,compliance_scope,revenue_impact,rto_hours,depends_on,risk_appetite,matched_cve_or_control,threat_actor,campaign_name,ransomware_association,cveID,knownRansomwareCampaignUse,threat_score,exposure_score,criticality_score,severity_score,hygiene_score,risk_score
V-2001,A-1001,Remote Code Execution in Web Framework,CVE-SYN-2026-0001,Critical,9.8,Yes,Yes,18,Internet,No,Open,Web Framework,auth-gateway-prod-01,Web Server,Production,Identity Team,Customer Login,Yes,Critical,Customer PII,Yes,1,UAE,nginx 1.22 / Ubuntu 22.04,Chief Digital Officer,Users cannot authenticate to the customer portal; all customer-facing transactions blocked,Yes,GDPR,Critical,1,Identity Verification,Very Low,CVE-SYN-2026-0001,ShadowMint,Portal Crush,No,,Unknown,3.5,10.0,8.929166666666667,9.86,0.36666666666666664,6.804958333333333
V-2002,A-1001,OpenSSH Unauthenticated RCE (regreSSHion),CVE-2024-6387,High,8.1,Yes,Yes,42,Internet,No,Open,OpenSSH,auth-gateway-prod-01,Web Server,Production,Identity Team,Customer Login,Yes,Critical,Customer PII,Yes,1,UAE,nginx 1.22 / Ubuntu 22.04,Chief Digital Officer,Users cannot authenticate to the customer portal; all customer-facing transactions blocked,Yes,GDPR,Critical,1,Identity Verification,Very Low,,None observed,,No,,Unknown,1.5,10.0,8.929166666666667,7.77,0.7666666666666667,6.035958333333334
V-2003,A-1001,Outdated TLS Configuration,CVE-SYN-2025-0182,Medium,5.9,No,Yes,74,Internet,No,Open,TLS,auth-gateway-prod-01,Web Server,Production,Identity Team,Customer Login,Yes,Critical,Customer PII,Yes,1,UAE,nginx 1.22 / Ubuntu 22.04,Chief Digital Officer,Users cannot authenticate to the customer portal; all customer-facing transactions blocked,Yes,GDPR,Critical,1,Identity Verification,Very Low,,None observed,,No,,Unknown,0.0,10.0,8.929166666666667,5.33,1.2999999999999998,5.395291666666667
V-2004,A-1001,Missing HTTP Security Headers,CVE-SYN-2024-0901,Low,3.7,No,Yes,120,Internet,No,Open,HTTP Config,auth-gateway-prod-01,Web Server,Production,Identity Team,Customer Login,Yes,Critical,Customer PII,Yes,1,UAE,nginx 1.22 / Ubuntu 22.04,Chief Digital Officer,Users cannot authenticate to the customer portal; all customer-facing transactions blocked,Yes,GDPR,Critical,1,Identity Verification,Very Low,,None observed,,No,,Unknown,0.0,10.0,8.929166666666667,2.8899999999999997,2.0666666666666664,5.2279583333333335
V-2005,A-1002,API Authentication Bypass,CVE-SYN-2026-0002,Critical,9.6,Yes,Yes,9,Internet,No,Open,API Gateway,idv-gateway-prod,API Server,Production,Identity Team,Identity Verification,Yes,Critical,Customer PII,Yes,1,UAE,Node.js 18 / Ubuntu 22.04,Chief Digital Officer,KYC and onboarding fails; regulatory obligations at risk,Yes,"GDPR, UAE PDPL",Critical,1,,Very Low,CVE-SYN-2026-0002,BlueRaven,API Ghost,No,,Unknown,3.5,10.0,9.079166666666666,9.719999999999999,0.21666666666666667,6.813458333333333
V-2006,A-1002,OpenSSH Unauthenticated RCE (regreSSHion),CVE-2024-6387,High,8.1,Yes,Yes,39,Internet,No,Open,OpenSSH,idv-gateway-prod,API Server,Production,Identity Team,Identity Verification,Yes,Critical,Customer PII,Yes,1,UAE,Node.js 18 / Ubuntu 22.04,Chief Digital Officer,KYC and onboarding fails; regulatory obligations at risk,Yes,"GDPR, UAE PDPL",Critical,1,,Very Low,,None observed,,No,,Unknown,1.5,10.0,9.079166666666666,7.77,0.7166666666666667,6.068458333333333
V-2007,A-1002,Verbose API Error Disclosure,CVE-SYN-2024-0144,Low,3.1,No,Yes,120,Internet,No,Open,Application Config,idv-gateway-prod,API Server,Production,Identity Team,Identity Verification,Yes,Critical,Customer PII,Yes,1,UAE,Node.js 18 / Ubuntu 22.04,Chief Digital Officer,KYC and onboarding fails; regulatory obligations at risk,Yes,"GDPR, UAE PDPL",Critical,1,,Very Low,,None observed,,No,,Unknown,0.0,10.0,9.079166666666666,2.4699999999999998,2.0666666666666664,5.223458333333333
V-2008,A-1002,Unvalidated Redirect in OAuth Flow,CVE-SYN-2025-0312,Medium,6.1,No,Yes,55,Internet,No,Open,OAuth Handler,idv-gateway-prod,API Server,Production,Identity Team,Identity Verification,Yes,Critical,Customer PII,Yes,1,UAE,Node.js 18 / Ubuntu 22.04,Chief Digital Officer,KYC and onboarding fails; regulatory obligations at risk,Yes,"GDPR, UAE PDPL",Critical,1,,Very Low,,None observed,,No,,Unknown,0.0,10.0,9.079166666666666,5.47,0.9833333333333334,5.415125
V-2009,A-1003,Payment API Insecure Direct Object Reference,CVE-SYN-2026-0010,Critical,9.1,Yes,Yes,11,Internet,No,Open,Payment Handler,payment-api-prod-01,API Server,Production,Payments Team,Payment Processing,Yes,Critical,Payment Card Data,Yes,1,UAE,Node.js 20 / Ubuntu 22.04,CFO,Payments and fund transfers fail; PCI DSS breach obligations triggered,Yes,PCI DSS,Critical,1,"Customer Login, Fraud Detection",Very Low,CVE-SYN-2026-0010,IronVeil,CitrixBleed Exploitation,Yes,,Unknown,7.0,10.0,9.129166666666666,9.37,0.25,7.844291666666667
V-2010,A-1003,OpenSSH Unauthenticated RCE (regreSSHion),CVE-2024-6387,High,8.1,Yes,Yes,41,Internet,No,Open,OpenSSH,payment-api-prod-01,API Server,Production,Payments Team,Payment Processing,Yes,Critical,Payment Card Data,Yes,1,UAE,Node.js 20 / Ubuntu 22.04,CFO,Payments and fund transfers fail; PCI DSS breach obligations triggered,Yes,PCI DSS,Critical,1,"Customer Login, Fraud Detection",Very Low,,None observed,,No,,Unknown,1.5,10.0,9.129166666666666,7.77,0.7499999999999999,6.084291666666667
V-2011,A-1003,Missing Rate Limiting on Payment Endpoint,CVE-SYN-2025-0410,Medium,6.5,No,Yes,88,Internet,No,Open,API Rate Limiting,payment-api-prod-01,API Server,Production,Payments Team,Payment Processing,Yes,Critical,Payment Card Data,Yes,1,UAE,Node.js 20 / Ubuntu 22.04,CFO,Payments and fund transfers fail; PCI DSS breach obligations triggered,Yes,PCI DSS,Critical,1,"Customer Login, Fraud Detection",Very Low,,None observed,,No,,Unknown,0.0,10.0,9.129166666666666,5.75,1.5333333333333332,5.510625
V-2012,A-1004,Outdated Node.js Runtime,CVE-SYN-2024-0777,Medium,6.2,No,Yes,95,Internet,No,Open,Node.js Runtime,payment-api-prod-02,API Server,Production,Payments Team,Payment Processing,Yes,Critical,Payment Card Data,Yes,1,UAE,Node.js 20 / Ubuntu 22.04,CFO,Payments and fund transfers fail; PCI DSS breach obligations triggered,Yes,PCI DSS,Critical,1,"Customer Login, Fraud Detection",Very Low,,None observed,,No,,Unknown,0.0,10.0,9.129166666666666,5.54,1.65,5.501291666666667
V-2013,A-1004,OpenSSH Unauthenticated RCE (regreSSHion),CVE-2024-6387,High,8.1,Yes,Yes,41,Internet,No,Open,OpenSSH,payment-api-prod-02,API Server,Production,Payments Team,Payment Processing,Yes,Critical,Payment Card Data,Yes,1,UAE,Node.js 20 / Ubuntu 22.04,CFO,Payments and fund transfers fail; PCI DSS breach obligations triggered,Yes,PCI DSS,Critical,1,"Customer Login, Fraud Detection",Very Low,,None observed,,No,,Unknown,1.5,10.0,9.129166666666666,7.77,0.7499999999999999,6.084291666666667
V-2014,A-1004,Container Running as Root,CONTAINER-SYN-001,High,7.9,No,Yes,60,Internal,Yes,Open,Container Config,payment-api-prod-02,API Server,Production,Payments Team,Payment Processing,Yes,Critical,Payment Card Data,Yes,1,UAE,Node.js 20 / Ubuntu 22.04,CFO,Payments and fund transfers fail; PCI DSS breach obligations triggered,Yes,PCI DSS,Critical,1,"Customer Login, Fraud Detection",Very Low,,None observed,,No,,Unknown,0.0,8.5,9.129166666666666,7.630000000000001,1.0666666666666667,5.276958333333333
V-2015,A-1005,Fortinet SSL-VPN Heap Buffer Overflow RCE,CVE-2024-21762,Critical,9.8,Yes,Yes,27,Internet,No,Open,VPN Firmware,vpn-edge-01,VPN Gateway,Production,Network Team,Remote Access,Yes,Critical,Internal Access,No,2,UAE,Fortinet FortiGate 7.4.1,CIO,Remote employees and administrators lose secure network access,No,ISO 27001,High,2,,Low,CVE-2024-21762,CrimsonJackal,Gateway Breaker,Yes,CVE-2024-21762,Known,10.0,10.0,6.408333333333334,9.86,3.5833333333333335,8.446416666666668
V-2016,A-1005,Fortinet FortiOS Authentication Bypass,CVE-2024-55591,Critical,9.8,Yes,Yes,14,Internet,No,Open,VPN Auth Module,vpn-edge-01,VPN Gateway,Production,Network Team,Remote Access,Yes,Critical,Internal Access,No,2,UAE,Fortinet FortiGate 7.4.1,CIO,Remote employees and administrators lose secure network access,No,ISO 27001,High,2,,Low,CVE-2024-55591,CrimsonJackal,Gateway Breaker,Yes,CVE-2024-55591,Known,10.0,10.0,6.408333333333334,9.86,3.3666666666666667,8.42475
V-2017,A-1005,Weak Admin Password Policy,CVE-SYN-2024-0220,High,7.8,No,Yes,60,Internet,Yes,Open,Authentication Policy,vpn-edge-01,VPN Gateway,Production,Network Team,Remote Access,Yes,Critical,Internal Access,No,2,UAE,Fortinet FortiGate 7.4.1,CIO,Remote employees and administrators lose secure network access,No,ISO 27001,High,2,,Low,,None observed,,No,,Unknown,0.0,8.5,6.408333333333334,7.5600000000000005,4.133333333333334,4.896416666666667
V-2018,A-1005,VPN Management Plane Internet-Exposed,CTRL-SYN-002,High,8.3,No,Yes,120,Internet,No,Open,Network Configuration,vpn-edge-01,VPN Gateway,Production,Network Team,Remote Access,Yes,Critical,Internal Access,No,2,UAE,Fortinet FortiGate 7.4.1,CIO,Remote employees and administrators lose secure network access,No,ISO 27001,High,2,,Low,,None observed,,No,,Unknown,0.0,10.0,6.408333333333334,7.91,5.133333333333334,5.406416666666668
V-2019,A-1006,Fortinet SSL-VPN Heap Buffer Overflow RCE,CVE-2024-21762,Critical,9.8,Yes,Yes,27,Internet,No,Open,VPN Firmware,vpn-edge-02,VPN Gateway,Production,Network Team,Remote Access,Yes,Critical,Internal Access,No,2,UAE,Fortinet FortiGate 7.4.1,CIO,Remote employees and administrators lose secure network access,No,ISO 27001,High,2,,Low,CVE-2024-21762,CrimsonJackal,Gateway Breaker,Yes,CVE-2024-21762,Known,10.0,10.0,6.408333333333334,9.86,3.5833333333333335,8.446416666666668
V-2020,A-1006,Fortinet FortiOS Authentication Bypass,CVE-2024-55591,Critical,9.8,Yes,Yes,14,Internet,No,Open,VPN Auth Module,vpn-edge-02,VPN Gateway,Production,Network Team,Remote Access,Yes,Critical,Internal Access,No,2,UAE,Fortinet FortiGate 7.4.1,CIO,Remote employees and administrators lose secure network access,No,ISO 27001,High,2,,Low,CVE-2024-55591,CrimsonJackal,Gateway Breaker,Yes,CVE-2024-55591,Known,10.0,10.0,6.408333333333334,9.86,3.3666666666666667,8.42475
V-2021,A-1006,Outdated Firmware Version,CVE-SYN-2024-0188,Medium,5.8,No,Yes,92,Internet,No,Open,VPN Firmware,vpn-edge-02,VPN Gateway,Production,Network Team,Remote Access,Yes,Critical,Internal Access,No,2,UAE,Fortinet FortiGate 7.4.1,CIO,Remote employees and administrators lose secure network access,No,ISO 27001,High,2,,Low,,None observed,,No,,Unknown,0.0,10.0,6.408333333333334,5.26,4.666666666666667,5.09475
V-2022,A-1007,Python Dependency with Known RCE,CVE-SYN-2025-0554,High,8.4,No,Yes,30,Internal,Yes,Open,Python Dependencies,fraud-detection-api,API Server,Production,Security Engineering,Fraud Detection,No,Critical,Transaction Data,Yes,1,UAE,Python 3.11 / FastAPI / Ubuntu 22.04,CISO,Fraudulent transactions may process undetected; significant financial and reputational loss,No,PCI DSS,Critical,1,,Very Low,,None observed,,No,,Unknown,0.0,3.5,7.529166666666668,7.98,0.5666666666666667,3.611958333333334
V-2023,A-1007,Insufficient Input Validation on Scoring API,CVE-SYN-2025-0601,Medium,6.3,No,Yes,45,Internal,Yes,Open,Scoring Engine,fraud-detection-api,API Server,Production,Security Engineering,Fraud Detection,No,Critical,Transaction Data,Yes,1,UAE,Python 3.11 / FastAPI / Ubuntu 22.04,CISO,Fraudulent transactions may process undetected; significant financial and reputational loss,No,PCI DSS,Critical,1,,Very Low,,None observed,,No,,Unknown,0.0,3.5,7.529166666666668,5.609999999999999,0.8166666666666667,3.3999583333333336
V-2024,A-1008,Kong Gateway Admin API Exposed,CVE-SYN-2026-0011,Critical,9.3,Yes,Yes,5,Internet,No,Open,API Admin Interface,partner-api-gateway-prod,API Server,Production,Partnerships Team,Partner API Gateway,Yes,Critical,Payment Card Data,Yes,1,UAE,Kong Gateway 3.4 / Ubuntu 22.04,VP Partnerships,Bank and fintech partner integrations fail; SLA breach penalties apply,Yes,"PCI DSS, ISO 27001",High,2,Payment Processing,Low,CVE-SYN-2026-0011,WinterViper,Kong Gateway Exploit,Yes,,Unknown,7.0,10.0,8.358333333333334,9.51,0.15,7.655583333333333
V-2025,A-1008,OpenSSH Unauthenticated RCE (regreSSHion),CVE-2024-6387,High,8.1,Yes,Yes,41,Internet,No,Open,OpenSSH,partner-api-gateway-prod,API Server,Production,Partnerships Team,Partner API Gateway,Yes,Critical,Payment Card Data,Yes,1,UAE,Kong Gateway 3.4 / Ubuntu 22.04,VP Partnerships,Bank and fintech partner integrations fail; SLA breach penalties apply,Yes,"PCI DSS, ISO 27001",High,2,Payment Processing,Low,,None observed,,No,,Unknown,1.5,10.0,8.358333333333334,7.77,0.7499999999999999,5.891583333333334
V-2026,A-1008,Insecure Partner Authentication Token,CVE-SYN-2025-0702,High,7.7,No,Yes,33,Internet,Yes,Open,Auth Token Handler,partner-api-gateway-prod,API Server,Production,Partnerships Team,Partner API Gateway,Yes,Critical,Payment Card Data,Yes,1,UAE,Kong Gateway 3.4 / Ubuntu 22.04,VP Partnerships,Bank and fintech partner integrations fail; SLA breach penalties apply,Yes,"PCI DSS, ISO 27001",High,2,Payment Processing,Low,,None observed,,No,,Unknown,0.0,8.5,8.358333333333334,7.49,0.6166666666666666,5.025250000000001
V-2027,A-1009,PostgreSQL Privilege Escalation,CVE-2024-10978,Critical,9.2,Yes,Yes,40,Internal,Yes,Open,Database Engine,finance-db-prod-01,Database,Production,Finance Team,Financial Reporting,No,Critical,Financial Data,Yes,1,UAE,PostgreSQL 14 / Ubuntu 20.04,CFO,Monthly and quarterly close delayed; board and regulator reporting at risk,No,"SOC 2, IFRS",High,4,,Very Low,CVE-2024-10978,BlackCinder,Database Grab,Yes,,Unknown,7.0,3.5,7.566666666666666,9.44,0.7333333333333333,5.884
V-2028,A-1009,Unencrypted Database Backup Files,CVE-SYN-2024-0420,High,8.0,No,Yes,55,Internal,Yes,Open,Backup Config,finance-db-prod-01,Database,Production,Finance Team,Financial Reporting,No,Critical,Financial Data,Yes,1,UAE,PostgreSQL 14 / Ubuntu 20.04,CFO,Monthly and quarterly close delayed; board and regulator reporting at risk,No,"SOC 2, IFRS",High,4,,Very Low,,None observed,,No,,Unknown,0.0,3.5,7.566666666666666,7.699999999999999,0.9833333333333334,3.635
V-2029,A-1009,Excessive DB User Privileges,CTRL-SYN-003,High,7.6,No,Yes,90,Internal,Yes,Open,Database Permissions,finance-db-prod-01,Database,Production,Finance Team,Financial Reporting,No,Critical,Financial Data,Yes,1,UAE,PostgreSQL 14 / Ubuntu 20.04,CFO,Monthly and quarterly close delayed; board and regulator reporting at risk,No,"SOC 2, IFRS",High,4,,Very Low,,None observed,,No,,Unknown,0.0,3.5,7.566666666666666,7.42,1.5666666666666667,3.6653333333333333
V-2030,A-1010,PostgreSQL Privilege Escalation,CVE-2024-10978,Critical,9.2,Yes,Yes,40,Internal,Yes,Open,Database Engine,finance-db-prod-02,Database,Production,Finance Team,Financial Reporting,No,Critical,Financial Data,Yes,1,UAE,PostgreSQL 14 / Ubuntu 20.04,CFO,Monthly and quarterly close delayed; board and regulator reporting at risk,No,"SOC 2, IFRS",High,4,,Very Low,CVE-2024-10978,BlackCinder,Database Grab,Yes,,Unknown,7.0,3.5,7.566666666666666,9.44,0.7333333333333333,5.884
V-2031,A-1010,Missing Encryption at Rest,CTRL-SYN-004,High,7.5,No,Yes,80,Internal,Yes,Open,Storage Encryption,finance-db-prod-02,Database,Production,Finance Team,Financial Reporting,No,Critical,Financial Data,Yes,1,UAE,PostgreSQL 14 / Ubuntu 20.04,CFO,Monthly and quarterly close delayed; board and regulator reporting at risk,No,"SOC 2, IFRS",High,4,,Very Low,,None observed,,No,,Unknown,0.0,3.5,7.566666666666666,7.35,1.4,3.6416666666666666
V-2032,A-1011,SQL Injection in CRM Search Module,CVE-SYN-2025-0441,High,8.7,Yes,Yes,32,Internet,No,Open,CRM Module,crm-app-prod,Application Server,Production,Sales Ops,CRM Platform,Yes,High,Customer PII,Yes,2,UAE,Java 11 / Tomcat 9 / Ubuntu 20.04,Head of Sales,Sales pipeline and customer support workflows disrupted,Yes,GDPR,Medium,8,Customer Login,Medium,,None observed,,No,,Unknown,1.5,10.0,6.383333333333333,8.19,0.6666666666666666,5.4315
V-2033,A-1011,Apache Tomcat Partial PUT RCE,CVE-2025-24813,Critical,9.8,Yes,Yes,21,Internet,No,Open,Tomcat Server,crm-app-prod,Application Server,Production,Sales Ops,CRM Platform,Yes,High,Customer PII,Yes,2,UAE,Java 11 / Tomcat 9 / Ubuntu 20.04,Head of Sales,Sales pipeline and customer support workflows disrupted,Yes,GDPR,Medium,8,Customer Login,Medium,,None observed,,No,CVE-2025-24813,Unknown,1.5,10.0,6.383333333333333,9.86,0.4833333333333334,5.580166666666667
V-2034,A-1011,Missing Security Headers,CVE-SYN-2024-0901,Low,3.7,No,Yes,90,Internet,No,Open,HTTP Headers,crm-app-prod,Application Server,Production,Sales Ops,CRM Platform,Yes,High,Customer PII,Yes,2,UAE,Java 11 / Tomcat 9 / Ubuntu 20.04,Head of Sales,Sales pipeline and customer support workflows disrupted,Yes,GDPR,Medium,8,Customer Login,Medium,,None observed,,No,,Unknown,0.0,10.0,6.383333333333333,2.8899999999999997,1.6333333333333333,4.548166666666666
V-2035,A-1011,Session Timeout Too Long,CVE-SYN-2024-0311,Medium,5.2,No,Yes,110,Internet,Yes,Open,Session Management,crm-app-prod,Application Server,Production,Sales Ops,CRM Platform,Yes,High,Customer PII,Yes,2,UAE,Java 11 / Tomcat 9 / Ubuntu 20.04,Head of Sales,Sales pipeline and customer support workflows disrupted,Yes,GDPR,Medium,8,Customer Login,Medium,,None observed,,No,,Unknown,0.0,8.5,6.383333333333333,4.84,1.9666666666666668,4.4014999999999995
V-2036,A-1012,Project Management Platform RCE,CVE-SYN-2026-0004,Critical,9.7,Yes,Yes,16,Internet,No,Open,Application Server,jira-prod,Application Server,Production,Engineering,Software Delivery,Yes,High,Source Code,Yes,1,UAE,Atlassian Jira 9.4,VP Engineering,Product releases blocked; CI/CD pipelines offline,No,SOC 2,Medium,24,,Medium,CVE-SYN-2026-0004,RedMantis,Collaboration Breach,Yes,,Unknown,7.0,10.0,4.65,9.79,0.3333333333333333,6.774833333333333
V-2037,A-1012,Atlassian Jira Server-Side Template Injection,CVE-2023-22515,Critical,10.0,Yes,Yes,180,Internet,No,Open,Template Engine,jira-prod,Application Server,Production,Engineering,Software Delivery,Yes,High,Source Code,Yes,1,UAE,Atlassian Jira 9.4,VP Engineering,Product releases blocked; CI/CD pipelines offline,No,SOC 2,Medium,24,,Medium,CVE-2023-22515,RedMantis,Collaboration Breach,Yes,CVE-2023-22515,Known,10.0,10.0,4.65,10.0,3.066666666666667,7.969166666666666
V-2038,A-1012,Excessive User Permissions on Projects,CVE-SYN-2024-0822,High,7.6,No,Yes,95,Internet,Yes,Open,Access Control,jira-prod,Application Server,Production,Engineering,Software Delivery,Yes,High,Source Code,Yes,1,UAE,Atlassian Jira 9.4,VP Engineering,Product releases blocked; CI/CD pipelines offline,No,SOC 2,Medium,24,,Medium,,None observed,,No,,Unknown,0.0,8.5,4.65,7.42,1.65,4.194500000000001
V-2039,A-1012,Outdated Jira Version,CVE-SYN-2024-0155,Medium,6.5,No,Yes,130,Internet,No,Open,Application Version,jira-prod,Application Server,Production,Engineering,Software Delivery,Yes,High,Source Code,Yes,1,UAE,Atlassian Jira 9.4,VP Engineering,Product releases blocked; CI/CD pipelines offline,No,SOC 2,Medium,24,,Medium,,None observed,,No,,Unknown,0.0,10.0,4.65,5.75,2.2333333333333334,4.460833333333333
V-2040,A-1013,Confluence RCE via OGNL Injection,CVE-2023-22527,Critical,10.0,Yes,Yes,200,Internet,No,Open,OGNL Template Engine,confluence-prod,Application Server,Production,Engineering,Software Delivery,Yes,High,Source Code,Yes,1,UAE,Atlassian Confluence 8.5,VP Engineering,Product releases blocked; CI/CD pipelines offline,No,SOC 2,Medium,24,,Medium,CVE-2023-22527,RedMantis,Collaboration Breach,Yes,CVE-2023-22527,Known,10.0,10.0,4.65,10.0,3.066666666666667,7.969166666666666
V-2041,A-1013,Confluence Broken Access Control,CVE-2023-22518,Critical,10.0,Yes,Yes,200,Internet,No,Open,Access Control,confluence-prod,Application Server,Production,Engineering,Software Delivery,Yes,High,Source Code,Yes,1,UAE,Atlassian Confluence 8.5,VP Engineering,Product releases blocked; CI/CD pipelines offline,No,SOC 2,Medium,24,,Medium,,None observed,,No,CVE-2023-22518,Known,4.5,10.0,4.65,10.0,3.066666666666667,6.319166666666666
V-2042,A-1013,Insecure Direct Object Reference in Spaces,CVE-SYN-2024-0634,High,7.5,No,Yes,88,Internet,No,Open,Space Management,confluence-prod,Application Server,Production,Engineering,Software Delivery,Yes,High,Source Code,Yes,1,UAE,Atlassian Confluence 8.5,VP Engineering,Product releases blocked; CI/CD pipelines offline,No,SOC 2,Medium,24,,Medium,,None observed,,No,,Unknown,0.0,10.0,4.65,7.35,1.5333333333333332,4.550833333333333
V-2043,A-1014,JetBrains TeamCity Authentication Bypass,CVE-2024-27198,Critical,9.8,Yes,Yes,155,Internet,No,Open,Authentication Handler,teamcity-prod,Build Server,Production,DevOps,DevOps Platform,Yes,High,Source Code,No,3,UAE,JetBrains TeamCity 2023.11,VP Engineering,"Build, deploy and monitoring toolchain offline; operational visibility lost",No,SOC 2,Medium,12,Software Delivery,Medium,CVE-2024-27198,SilentForge,Build Chain Theft,No,CVE-2024-27198,Known,6.5,10.0,4.9,9.86,5.783333333333333,7.239333333333334
V-2044,A-1014,JetBrains TeamCity Path Traversal,CVE-2024-27199,High,7.3,Yes,Yes,155,Internet,No,Open,File Handler,teamcity-prod,Build Server,Production,DevOps,DevOps Platform,Yes,High,Source Code,No,3,UAE,JetBrains TeamCity 2023.11,VP Engineering,"Build, deploy and monitoring toolchain offline; operational visibility lost",No,SOC 2,Medium,12,Software Delivery,Medium,,None observed,,No,CVE-2024-27199,Known,4.5,10.0,4.9,7.209999999999999,5.783333333333333,6.3743333333333325
V-2045,A-1014,CI/CD Secrets Exposed in Build Logs,CICD-SYN-001,Critical,9.4,Yes,Yes,14,Internet,Yes,Open,Build Pipeline,teamcity-prod,Build Server,Production,DevOps,DevOps Platform,Yes,High,Source Code,No,3,UAE,JetBrains TeamCity 2023.11,VP Engineering,"Build, deploy and monitoring toolchain offline; operational visibility lost",No,SOC 2,Medium,12,Software Delivery,Medium,CICD-SYN-001,SilentForge,Build Chain Theft,No,,Unknown,3.5,8.5,4.9,9.58,3.4333333333333336,5.701333333333334
V-2046,A-1014,Unauthenticated Build Trigger,CVE-SYN-2025-0887,High,8.2,No,Yes,60,Internet,No,Open,Build API,teamcity-prod,Build Server,Production,DevOps,DevOps Platform,Yes,High,Source Code,No,3,UAE,JetBrains TeamCity 2023.11,VP Engineering,"Build, deploy and monitoring toolchain offline; operational visibility lost",No,SOC 2,Medium,12,Software Delivery,Medium,,None observed,,No,,Unknown,0.0,10.0,4.9,7.84,4.2,4.929
V-2047,A-1015,PHP CGI Argument Injection,CVE-2024-4577,Critical,9.8,Yes,Yes,30,Internet,No,Open,PHP CGI,hr-portal-prod,Web Application,Production,HR Team,Employee Services,Yes,High,Employee PII,Yes,2,UAE,PHP 8.1 / Apache 2.4 / Ubuntu 22.04,Head of HR,HR workflows and payroll processing impacted; employee data at risk,No,GDPR,Medium,12,,Low,CVE-2024-4577,AmberFox,HR Data Theft,No,CVE-2024-4577,Known,6.5,10.0,5.1499999999999995,9.86,0.6333333333333333,6.786833333333333
V-2047,A-1015,PHP CGI Argument Injection,CVE-2024-4577,Critical,9.8,Yes,Yes,30,Internet,No,Open,PHP CGI,hr-portal-prod,Web Application,Production,HR Team,Employee Services,Yes,High,Employee PII,Yes,2,UAE,PHP 8.1 / Apache 2.4 / Ubuntu 22.04,Head of HR,HR workflows and payroll processing impacted; employee data at risk,No,GDPR,Medium,12,,Low,CVE-2024-4577,GrayLotus,CMS Spray,No,CVE-2024-4577,Known,6.5,10.0,5.1499999999999995,9.86,0.6333333333333333,6.786833333333333
V-2048,A-1015,File Upload to RCE Vulnerability,CVE-SYN-2025-0333,High,8.4,Yes,Yes,25,Internet,No,Open,HR Portal Upload,hr-portal-prod,Web Application,Production,HR Team,Employee Services,Yes,High,Employee PII,Yes,2,UAE,PHP 8.1 / Apache 2.4 / Ubuntu 22.04,Head of HR,HR workflows and payroll processing impacted; employee data at risk,No,GDPR,Medium,12,,Low,,None observed,,No,,Unknown,1.5,10.0,5.1499999999999995,7.98,0.5499999999999999,5.0905
V-2049,A-1015,Session Fixation Attack,CVE-SYN-2024-0311,Medium,5.2,No,Yes,110,Internet,Yes,Open,Session Handler,hr-portal-prod,Web Application,Production,HR Team,Employee Services,Yes,High,Employee PII,Yes,2,UAE,PHP 8.1 / Apache 2.4 / Ubuntu 22.04,Head of HR,HR workflows and payroll processing impacted; employee data at risk,No,GDPR,Medium,12,,Low,,None observed,,No,,Unknown,0.0,8.5,5.1499999999999995,4.84,1.9666666666666668,4.093166666666666
V-2050,A-1016,Cross-Site Scripting in Ticket Comments,CVE-SYN-2025-0201,Medium,6.3,No,Yes,44,Internet,No,Open,Comment Module,customer-support-portal,Web Application,Production,Customer Experience,Customer Support Portal,Yes,High,Customer PII,Yes,1,UAE,Django 4.2 / Ubuntu 22.04,Head of Customer Experience,Support agents cannot access tickets; customer escalations unmanaged,Yes,GDPR,Medium,4,Customer Login,Medium,,None observed,,No,,Unknown,0.0,10.0,6.466666666666667,5.609999999999999,0.7999999999999999,4.757666666666667
V-2051,A-1016,IDOR in Ticket View API,CVE-SYN-2025-0202,High,7.8,Yes,Yes,22,Internet,Yes,Open,Ticket API,customer-support-portal,Web Application,Production,Customer Experience,Customer Support Portal,Yes,High,Customer PII,Yes,1,UAE,Django 4.2 / Ubuntu 22.04,Head of Customer Experience,Support agents cannot access tickets; customer escalations unmanaged,Yes,GDPR,Medium,4,Customer Login,Medium,,None observed,,No,,Unknown,1.5,8.5,6.466666666666667,7.5600000000000005,0.4333333333333333,4.991
V-2052,A-1016,OpenSSH Unauthenticated RCE (regreSSHion),CVE-2024-6387,High,8.1,Yes,Yes,39,Internet,No,Open,OpenSSH,customer-support-portal,Web Application,Production,Customer Experience,Customer Support Portal,Yes,High,Customer PII,Yes,1,UAE,Django 4.2 / Ubuntu 22.04,Head of Customer Experience,Support agents cannot access tickets; customer escalations unmanaged,Yes,GDPR,Medium,4,Customer Login,Medium,,None observed,,No,,Unknown,1.5,10.0,6.466666666666667,7.77,0.7166666666666667,5.415333333333333
V-2053,A-1017,SolarWinds Web Help Desk Deserialization RCE,CVE-2024-28986,Critical,9.8,Yes,Yes,60,Internal,No,Open,Java Deserialization,helpdesk-prod,Application Server,Production,IT Operations,Employee Services,No,High,Internal Confidential,Yes,5,UAE,SolarWinds Web Help Desk 12.7,Head of HR,HR workflows and payroll processing impacted; employee data at risk,No,GDPR,Medium,12,,Low,CVE-2024-28986,PhantomGrid,SolarWinds RCE,Yes,CVE-2024-28986,Unknown,7.0,5.0,4.95,9.86,1.3333333333333333,5.706833333333334
V-2054,A-1017,SolarWinds WHD Hardcoded Credentials,CVE-2024-28987,Critical,9.1,Yes,Yes,60,Internal,No,Open,Authentication,helpdesk-prod,Application Server,Production,IT Operations,Employee Services,No,High,Internal Confidential,Yes,5,UAE,SolarWinds Web Help Desk 12.7,Head of HR,HR workflows and payroll processing impacted; employee data at risk,No,GDPR,Medium,12,,Low,CVE-2024-28987,PhantomGrid,SolarWinds RCE,Yes,CVE-2024-28987,Unknown,7.0,5.0,4.95,9.37,1.3333333333333333,5.657833333333334
V-2055,A-1017,Missing Patch for Critical Vendor Advisory,CVE-SYN-2024-0900,High,8.0,No,Yes,90,Internal,Yes,Open,Application Core,helpdesk-prod,Application Server,Production,IT Operations,Employee Services,No,High,Internal Confidential,Yes,5,UAE,SolarWinds Web Help Desk 12.7,Head of HR,HR workflows and payroll processing impacted; employee data at risk,No,GDPR,Medium,12,,Low,,None observed,,No,,Unknown,0.0,3.5,4.95,7.699999999999999,1.8333333333333333,3.065833333333333
V-2056,A-1018,Microsoft Exchange NTLM Relay Privilege Escalation,CVE-2024-21410,Critical,9.8,Yes,Yes,90,Internet,No,Open,NTLM Auth,email-server-prod,Mail Server,Production,IT Operations,Internal Communications,Yes,High,Internal Confidential,Yes,1,UAE,Microsoft Exchange 2019 CU13,COO,Internal email and chat offline; operational coordination degraded,No,ISO 27001,Low,24,,Medium,CVE-2024-21410,Unknown,Exchange NTLMv2 Relay,No,CVE-2024-21410,Unknown,1.5,10.0,3.8,9.86,1.5666666666666667,5.042666666666666
V-2057,A-1018,Exchange Server-Side Request Forgery,CVE-SYN-2025-0501,High,8.5,No,Yes,50,Internet,No,Open,Request Processor,email-server-prod,Mail Server,Production,IT Operations,Internal Communications,Yes,High,Internal Confidential,Yes,1,UAE,Microsoft Exchange 2019 CU13,COO,Internal email and chat offline; operational coordination degraded,No,ISO 27001,Low,24,,Medium,,None observed,,No,,Unknown,0.0,10.0,3.8,8.049999999999999,0.8999999999999999,4.345
V-2058,A-1019,WordPress Plugin Remote Code Execution,CVE-2024-4577,Critical,9.8,Yes,Yes,35,Internet,No,Open,PHP CGI / Plugin,corporate-site-prod,Web Server,Production,Marketing,Corporate Website,Yes,Medium,Public Data,Yes,1,UAE,WordPress 6.4 / PHP 8.1 / nginx,Head of Marketing,Brand presence offline; press and investor communications disrupted,Yes,,Low,24,,High,CVE-2024-4577,AmberFox,HR Data Theft,No,CVE-2024-4577,Known,6.5,10.0,2.8000000000000003,9.86,0.6499999999999999,6.2010000000000005
V-2058,A-1019,WordPress Plugin Remote Code Execution,CVE-2024-4577,Critical,9.8,Yes,Yes,35,Internet,No,Open,PHP CGI / Plugin,corporate-site-prod,Web Server,Production,Marketing,Corporate Website,Yes,Medium,Public Data,Yes,1,UAE,WordPress 6.4 / PHP 8.1 / nginx,Head of Marketing,Brand presence offline; press and investor communications disrupted,Yes,,Low,24,,High,CVE-2024-4577,GrayLotus,CMS Spray,No,CVE-2024-4577,Known,6.5,10.0,2.8000000000000003,9.86,0.6499999999999999,6.2010000000000005
V-2059,A-1019,Outdated WordPress Core Version,CVE-SYN-2025-0123,High,7.9,Yes,Yes,35,Internet,No,Open,CMS Core,corporate-site-prod,Web Server,Production,Marketing,Corporate Website,Yes,Medium,Public Data,Yes,1,UAE,WordPress 6.4 / PHP 8.1 / nginx,Head of Marketing,Brand presence offline; press and investor communications disrupted,Yes,,Low,24,,High,CVE-SYN-2025-0123,GrayLotus,CMS Spray,No,,Unknown,3.5,10.0,2.8000000000000003,7.630000000000001,0.6499999999999999,5.078
V-2060,A-1019,Directory Listing Enabled,CVE-SYN-2023-0110,Medium,5.4,No,Yes,200,Internet,No,Open,Web Server Config,corporate-site-prod,Web Server,Production,Marketing,Corporate Website,Yes,Medium,Public Data,Yes,1,UAE,WordPress 6.4 / PHP 8.1 / nginx,Head of Marketing,Brand presence offline; press and investor communications disrupted,Yes,,Low,24,,High,,None observed,,No,,Unknown,0.0,10.0,2.8000000000000003,4.9799999999999995,3.066666666666667,4.004666666666667
V-2061,A-1020,Jenkins Arbitrary File Read via CLI,CVE-2024-23897,Critical,9.8,Yes,Yes,90,Internal,No,Open,Jenkins CLI,jenkins-prod,Build Server,Production,DevOps,DevOps Platform,No,High,Source Code,No,4,India,Jenkins 2.426,VP Engineering,"Build, deploy and monitoring toolchain offline; operational visibility lost",No,SOC 2,Medium,12,Software Delivery,Medium,CVE-2024-23897,SilentForge,Build Chain Theft,No,CVE-2024-23897,Known,6.5,5.0,4.9,9.86,4.766666666666667,5.887666666666667
V-2062,A-1020,Jenkins Build Script Injection,CVE-SYN-2025-0801,High,8.8,No,Yes,60,Internal,Yes,Open,Pipeline Script,jenkins-prod,Build Server,Production,DevOps,DevOps Platform,No,High,Source Code,No,4,India,Jenkins 2.426,VP Engineering,"Build, deploy and monitoring toolchain offline; operational visibility lost",No,SOC 2,Medium,12,Software Delivery,Medium,,None observed,,No,,Unknown,0.0,3.5,4.9,8.26,4.266666666666667,3.352666666666667
V-2063,A-1020,Exposed CI/CD Secrets in Environment Vars,CICD-SYN-001,Critical,9.4,Yes,Yes,21,Internal,Yes,Open,Build Pipeline,jenkins-prod,Build Server,Production,DevOps,DevOps Platform,No,High,Source Code,No,4,India,Jenkins 2.426,VP Engineering,"Build, deploy and monitoring toolchain offline; operational visibility lost",No,SOC 2,Medium,12,Software Delivery,Medium,CICD-SYN-001,SilentForge,Build Chain Theft,No,,Unknown,3.5,3.5,4.9,9.58,3.6166666666666667,4.469666666666667
V-2064,A-1021,Citrix ADC Session Token Leak (CitrixBleed),CVE-2023-4966,Critical,9.4,Yes,Yes,180,Internet,No,Open,NetScaler ADC,load-balancer-prod-01,Load Balancer,Production,Network Team,Customer Login,Yes,High,Internal Access,No,1,UAE,Citrix NetScaler ADC 13.0,Chief Digital Officer,Users cannot authenticate to the customer portal; all customer-facing transactions blocked,Yes,GDPR,Critical,1,Identity Verification,Very Low,CVE-2023-4966,IronVeil,CitrixBleed Exploitation,Yes,CVE-2023-4966,Known,10.0,10.0,7.729166666666668,9.58,6.066666666666666,8.996958333333334
V-2065,A-1021,Unencrypted Management Interface,CVE-SYN-2025-0601,Medium,6.8,No,Yes,75,Internet,No,Open,Management Plane,load-balancer-prod-01,Load Balancer,Production,Network Team,Customer Login,Yes,High,Internal Access,No,1,UAE,Citrix NetScaler ADC 13.0,Chief Digital Officer,Users cannot authenticate to the customer portal; all customer-facing transactions blocked,Yes,GDPR,Critical,1,Identity Verification,Very Low,,None observed,,No,,Unknown,0.0,10.0,7.729166666666668,5.96,4.316666666666666,5.459958333333334
V-2066,A-1022,Citrix ADC Session Token Leak (CitrixBleed),CVE-2023-4966,Critical,9.4,Yes,Yes,180,Internet,No,Open,NetScaler ADC,load-balancer-prod-02,Load Balancer,Production,Network Team,Payment Processing,Yes,High,Internal Access,No,1,UAE,Citrix NetScaler ADC 13.0,CFO,Payments and fund transfers fail; PCI DSS breach obligations triggered,Yes,PCI DSS,Critical,1,"Customer Login, Fraud Detection",Very Low,CVE-2023-4966,IronVeil,CitrixBleed Exploitation,Yes,CVE-2023-4966,Known,10.0,10.0,7.729166666666668,9.58,6.066666666666666,8.996958333333334
V-2067,A-1022,SSL Certificate Near Expiry,CTRL-SYN-005,Medium,5.5,No,No,10,Internet,No,Open,TLS Certificate,load-balancer-prod-02,Load Balancer,Production,Network Team,Payment Processing,Yes,High,Internal Access,No,1,UAE,Citrix NetScaler ADC 13.0,CFO,Payments and fund transfers fail; PCI DSS breach obligations triggered,Yes,PCI DSS,Critical,1,"Customer Login, Fraud Detection",Very Low,,None observed,,No,,Unknown,0.0,10.0,7.729166666666668,5.05,5.233333333333333,5.460625
V-2068,A-1023,Cisco ASA Denial of Service,CVE-2024-20353,High,8.6,Yes,Yes,30,Internet,No,Open,VPN IKEv1,network-firewall-01,Firewall,Production,Network Team,Remote Access,Yes,Critical,Internal Access,No,2,UAE,Cisco ASA 9.18,CIO,Remote employees and administrators lose secure network access,No,ISO 27001,High,2,,Low,,None observed,,No,CVE-2024-20353,Unknown,1.5,10.0,6.408333333333334,8.12,3.6333333333333333,5.7274166666666675
V-2069,A-1023,Cisco ASA Remote Access VPN Unauthenticated DoS,CVE-2024-20358,High,8.6,No,Yes,30,Internet,No,Open,VPN Service,network-firewall-01,Firewall,Production,Network Team,Remote Access,Yes,Critical,Internal Access,No,2,UAE,Cisco ASA 9.18,CIO,Remote employees and administrators lose secure network access,No,ISO 27001,High,2,,Low,,None observed,,No,,Unknown,0.0,10.0,6.408333333333334,8.12,3.6333333333333333,5.277416666666667
V-2070,A-1023,Firewall Rule Allows Overly Broad Inbound Access,CTRL-SYN-006,High,7.9,No,Yes,180,Internet,No,Open,Firewall Policy,network-firewall-01,Firewall,Production,Network Team,Remote Access,Yes,Critical,Internal Access,No,2,UAE,Cisco ASA 9.18,CIO,Remote employees and administrators lose secure network access,No,ISO 27001,High,2,,Low,,None observed,,No,,Unknown,0.0,10.0,6.408333333333334,7.630000000000001,6.133333333333334,5.478416666666667
V-2071,A-1024,Storage Bucket Public Policy Misconfiguration,CLOUD-SYN-001,Critical,9.1,Yes,Yes,21,Internal,No,Open,Object Storage Policy,backup-storage-prod,Object Storage,Production,Infrastructure,Backup and Recovery,No,Critical,Internal Confidential,No,6,UAE,AWS S3 / Veeam 12,Head of Infrastructure,Disaster recovery capability lost; data restoration impossible if primary fails,No,ISO 27001,High,4,,Low,CLOUD-SYN-001,NightHarbor,Backup Hunter,Yes,,Unknown,7.0,5.0,6.166666666666667,9.37,3.75,6.203666666666667
V-2072,A-1024,Backup Encryption Not Enforced,CLOUD-SYN-002,High,8.1,No,Yes,45,Internal,Yes,Open,Backup Config,backup-storage-prod,Object Storage,Production,Infrastructure,Backup and Recovery,No,Critical,Internal Confidential,No,6,UAE,AWS S3 / Veeam 12,Head of Infrastructure,Disaster recovery capability lost; data restoration impossible if primary fails,No,ISO 27001,High,4,,Low,,None observed,,No,,Unknown,0.0,3.5,6.166666666666667,7.77,4.15,3.608666666666667
V-2073,A-1024,No Immutable Backup Policy,CTRL-SYN-007,High,7.5,No,Yes,80,Internal,Yes,Open,Backup Policy,backup-storage-prod,Object Storage,Production,Infrastructure,Backup and Recovery,No,Critical,Internal Confidential,No,6,UAE,AWS S3 / Veeam 12,Head of Infrastructure,Disaster recovery capability lost; data restoration impossible if primary fails,No,ISO 27001,High,4,,Low,,None observed,,No,,Unknown,0.0,3.5,6.166666666666667,7.35,4.733333333333333,3.625
V-2074,A-1025,Kubernetes Dashboard Exposed Without Auth,K8S-SYN-001,Critical,9.5,No,Yes,45,Internal,No,Open,K8s Dashboard,k8s-cluster-prod-01,Kubernetes Cluster,Production,DevOps,Payment Processing,No,Critical,Payment Card Data,Yes,1,UAE,Kubernetes 1.27 / Ubuntu 22.04,CFO,Payments and fund transfers fail; PCI DSS breach obligations triggered,Yes,PCI DSS,Critical,1,"Customer Login, Fraud Detection",Very Low,K8S-SYN-001,Unknown,Kubernetes Dashboard Exploitation,No,,Unknown,0.0,5.0,9.129166666666666,9.649999999999999,0.8166666666666667,4.5789583333333335
V-2075,A-1025,Privileged Containers Running in Production,K8S-SYN-002,High,8.4,No,Yes,60,Internal,Yes,Open,Pod Security Policy,k8s-cluster-prod-01,Kubernetes Cluster,Production,DevOps,Payment Processing,No,Critical,Payment Card Data,Yes,1,UAE,Kubernetes 1.27 / Ubuntu 22.04,CFO,Payments and fund transfers fail; PCI DSS breach obligations triggered,Yes,PCI DSS,Critical,1,"Customer Login, Fraud Detection",Very Low,,None observed,,No,,Unknown,0.0,3.5,9.129166666666666,7.98,1.0666666666666667,4.061958333333333
V-2076,A-1025,Container Images With Critical CVEs,CVE-SYN-2024-0999,High,8.2,No,Yes,55,Internal,Yes,Open,Container Image,k8s-cluster-prod-01,Kubernetes Cluster,Production,DevOps,Payment Processing,No,Critical,Payment Card Data,Yes,1,UAE,Kubernetes 1.27 / Ubuntu 22.04,CFO,Payments and fund transfers fail; PCI DSS breach obligations triggered,Yes,PCI DSS,Critical,1,"Customer Login, Fraud Detection",Very Low,,None observed,,No,,Unknown,0.0,3.5,9.129166666666666,7.84,0.9833333333333334,4.039625
V-2077,A-1026,PostgreSQL Privilege Escalation,CVE-2024-10978,Critical,9.2,Yes,Yes,40,Internal,Yes,Open,Database Engine,analytics-db-prod,Database,Production,Data Engineering,Analytics Platform,No,Medium,Aggregated Analytics,Yes,2,UAE,PostgreSQL 15 / Ubuntu 22.04,Chief Product Officer,Business intelligence and product analytics unavailable,No,GDPR,Low,48,,High,CVE-2024-10978,BlackCinder,Database Grab,Yes,,Unknown,7.0,3.5,1.85,9.44,0.7999999999999999,4.4615
V-2078,A-1026,Excessive Data Access by Analytics Users,CTRL-SYN-003,Medium,6.0,No,Yes,70,Internal,Yes,Open,DB Access Control,analytics-db-prod,Database,Production,Data Engineering,Analytics Platform,No,Medium,Aggregated Analytics,Yes,2,UAE,PostgreSQL 15 / Ubuntu 22.04,Chief Product Officer,Business intelligence and product analytics unavailable,No,GDPR,Low,48,,High,,None observed,,No,,Unknown,0.0,3.5,1.85,5.3999999999999995,1.2999999999999998,2.0075
V-2079,A-1027,PostgreSQL Privilege Escalation,CVE-2024-10978,Critical,9.2,Yes,Yes,40,Internal,Yes,Open,Database Engine,data-warehouse-prod,Database,Production,Data Engineering,Data Warehouse,No,High,Customer PII,Yes,2,UAE,PostgreSQL 14 / Ubuntu 20.04,Chief Product Officer,Historical reporting and ML model training blocked,No,GDPR,Medium,24,,Medium,CVE-2024-10978,BlackCinder,Database Grab,Yes,,Unknown,7.0,3.5,5.049999999999999,9.44,0.7999999999999999,5.2615
V-2080,A-1027,Customer PII Not Masked in Dev Queries,CTRL-SYN-008,High,7.8,No,Yes,95,Internal,Yes,Open,Data Masking,data-warehouse-prod,Database,Production,Data Engineering,Data Warehouse,No,High,Customer PII,Yes,2,UAE,PostgreSQL 14 / Ubuntu 20.04,Chief Product Officer,Historical reporting and ML model training blocked,No,GDPR,Medium,24,,Medium,,None observed,,No,,Unknown,0.0,3.5,5.049999999999999,7.5600000000000005,1.7166666666666666,3.065166666666667
V-2081,A-1030,HashiCorp Vault Audit Log Disabled,CTRL-SYN-009,High,8.0,No,Yes,60,Internal,Yes,Open,Vault Audit,secrets-vault-prod,Application Server,Production,DevOps,DevOps Platform,No,Critical,Secrets,Yes,1,UAE,HashiCorp Vault 1.15,VP Engineering,"Build, deploy and monitoring toolchain offline; operational visibility lost",No,SOC 2,Medium,12,Software Delivery,Medium,,None observed,,No,,Unknown,0.0,3.5,5.9,7.699999999999999,1.0666666666666667,3.2266666666666666
V-2082,A-1030,Vault Token with Excessive Policies,CTRL-SYN-010,High,7.6,No,Yes,45,Internal,Yes,Open,Vault Token Policy,secrets-vault-prod,Application Server,Production,DevOps,DevOps Platform,No,Critical,Secrets,Yes,1,UAE,HashiCorp Vault 1.15,VP Engineering,"Build, deploy and monitoring toolchain offline; operational visibility lost",No,SOC 2,Medium,12,Software Delivery,Medium,,None observed,,No,,Unknown,0.0,3.5,5.9,7.42,0.8166666666666667,3.1736666666666666
V-2083,A-1032,WordPress PHP Object Injection via Plugin,CVE-2024-4577,Critical,9.8,Yes,Yes,40,Internet,No,Open,PHP CGI,marketing-cms-prod,Web Server,Production,Marketing,Corporate Website,Yes,Medium,Public Data,Yes,1,UAE,WordPress 6.2 / PHP 7.4 / Apache 2.4,Head of Marketing,Brand presence offline; press and investor communications disrupted,Yes,,Low,24,,High,CVE-2024-4577,AmberFox,HR Data Theft,No,CVE-2024-4577,Known,6.5,10.0,2.8000000000000003,9.86,0.7333333333333333,6.209333333333333
V-2083,A-1032,WordPress PHP Object Injection via Plugin,CVE-2024-4577,Critical,9.8,Yes,Yes,40,Internet,No,Open,PHP CGI,marketing-cms-prod,Web Server,Production,Marketing,Corporate Website,Yes,Medium,Public Data,Yes,1,UAE,WordPress 6.2 / PHP 7.4 / Apache 2.4,Head of Marketing,Brand presence offline; press and investor communications disrupted,Yes,,Low,24,,High,CVE-2024-4577,GrayLotus,CMS Spray,No,CVE-2024-4577,Known,6.5,10.0,2.8000000000000003,9.86,0.7333333333333333,6.209333333333333
V-2084,A-1032,WordPress Plugin XSS,CVE-SYN-2025-0123,High,7.9,Yes,Yes,45,Internet,No,Open,CMS Plugin,marketing-cms-prod,Web Server,Production,Marketing,Corporate Website,Yes,Medium,Public Data,Yes,1,UAE,WordPress 6.2 / PHP 7.4 / Apache 2.4,Head of Marketing,Brand presence offline; press and investor communications disrupted,Yes,,Low,24,,High,CVE-SYN-2025-0123,GrayLotus,CMS Spray,No,,Unknown,3.5,10.0,2.8000000000000003,7.630000000000001,0.8166666666666667,5.094666666666667
V-2085,A-1032,Directory Listing Enabled,CVE-SYN-2023-0110,Medium,5.4,No,Yes,250,Internet,No,Open,Web Server Config,marketing-cms-prod,Web Server,Production,Marketing,Corporate Website,Yes,Medium,Public Data,Yes,1,UAE,WordPress 6.2 / PHP 7.4 / Apache 2.4,Head of Marketing,Brand presence offline; press and investor communications disrupted,Yes,,Low,24,,High,,None observed,,No,,Unknown,0.0,10.0,2.8000000000000003,4.9799999999999995,3.066666666666667,4.004666666666667
V-2086,A-1032,PHP 7.4 End of Life,CVE-SYN-2024-0012,High,7.5,No,No,280,Internet,No,Open,PHP Runtime,marketing-cms-prod,Web Server,Production,Marketing,Corporate Website,Yes,Medium,Public Data,Yes,1,UAE,WordPress 6.2 / PHP 7.4 / Apache 2.4,Head of Marketing,Brand presence offline; press and investor communications disrupted,Yes,,Low,24,,High,,None observed,,No,,Unknown,0.0,10.0,2.8000000000000003,7.35,5.066666666666666,4.441666666666666
V-2087,A-1033,Confluence Server RCE - Older Version,CVE-2023-22527,Critical,10.0,Yes,Yes,200,Internal,No,Open,OGNL Template Engine,internal-wiki-prod,Application Server,Production,Engineering,Internal Communications,No,Medium,Internal Confidential,Yes,4,UAE,Atlassian Confluence 7.19,COO,Internal email and chat offline; operational coordination degraded,No,ISO 27001,Low,24,,Medium,CVE-2023-22527,RedMantis,Collaboration Breach,Yes,CVE-2023-22527,Known,10.0,5.0,3.2,10.0,3.2666666666666666,6.376666666666667
V-2088,A-1033,Confluence Unrestricted File Upload,CVE-SYN-2025-0339,High,8.1,No,Yes,55,Internal,Yes,Open,File Upload Handler,internal-wiki-prod,Application Server,Production,Engineering,Internal Communications,No,Medium,Internal Confidential,Yes,4,UAE,Atlassian Confluence 7.19,COO,Internal email and chat offline; operational coordination degraded,No,ISO 27001,Low,24,,Medium,,None observed,,No,,Unknown,0.0,3.5,3.2,7.77,1.1833333333333333,2.570333333333333
V-2089,A-1034,Windows Server 2012 R2 End of Support — No Security Patches,CVE-SYN-2024-0001,Critical,10.0,No,No,365,Internal,Yes,Open,Operating System,legacy-payments-db,Database,Production,Payments Team,Financial Reporting,No,High,Financial Data,No,45,UAE,PostgreSQL 11 / Windows Server 2012 R2,CFO,Monthly and quarterly close delayed; board and regulator reporting at risk,No,"SOC 2, IFRS",High,4,,Very Low,CVE-SYN-2024-0001,GhostByte,Legacy OS Exploitation,No,,Unknown,2.0,3.5,6.966666666666667,10.0,10.0,5.216666666666667
V-2090,A-1034,PostgreSQL 11 End of Life,CVE-SYN-2024-0002,High,8.0,No,No,280,Internal,Yes,Open,Database Engine,legacy-payments-db,Database,Production,Payments Team,Financial Reporting,No,High,Financial Data,No,45,UAE,PostgreSQL 11 / Windows Server 2012 R2,CFO,Monthly and quarterly close delayed; board and regulator reporting at risk,No,"SOC 2, IFRS",High,4,,Very Low,,None observed,,No,,Unknown,0.0,3.5,6.966666666666667,7.699999999999999,10.0,4.386666666666667
V-2091,A-1034,No EDR Agent Installed,CTRL-SYN-001,High,7.5,No,Yes,90,Internal,Yes,Open,Endpoint Control,legacy-payments-db,Database,Production,Payments Team,Financial Reporting,No,High,Financial Data,No,45,UAE,PostgreSQL 11 / Windows Server 2012 R2,CFO,Monthly and quarterly close delayed; board and regulator reporting at risk,No,"SOC 2, IFRS",High,4,,Very Low,CTRL-SYN-001,Unknown,Endpoint Drift,No,,Unknown,0.0,3.5,6.966666666666667,7.35,6.5,4.001666666666667
V-2092,A-1038,Fortinet SSL-VPN Heap Buffer Overflow RCE,CVE-2024-21762,Critical,9.8,Yes,Yes,27,Internet,No,Open,VPN Firmware,vpn-staging,VPN Gateway,Staging,Network Team,Remote Access,Yes,Medium,Staging Access,No,10,India,Fortinet FortiGate 7.2.5,CIO,Remote employees and administrators lose secure network access,No,ISO 27001,High,2,,Low,CVE-2024-21762,CrimsonJackal,Gateway Breaker,Yes,CVE-2024-21762,Known,10.0,7.9,4.408333333333333,9.86,4.116666666666667,7.474749999999999
V-2093,A-1038,Staging VPN Shares Production Credentials,CTRL-SYN-011,Critical,9.0,No,Yes,30,Internet,No,Open,Credential Management,vpn-staging,VPN Gateway,Staging,Network Team,Remote Access,Yes,Medium,Staging Access,No,10,India,Fortinet FortiGate 7.2.5,CIO,Remote employees and administrators lose secure network access,No,ISO 27001,High,2,,Low,,None observed,,No,,Unknown,0.0,7.9,4.408333333333333,9.3,4.166666666666667,4.423750000000001
V-2094,A-1045,Microsoft Exchange NTLM Relay Privilege Escalation,CVE-2024-21410,Critical,9.8,Yes,Yes,90,Internal,No,Open,NTLM Auth,email-server-staging,Mail Server,Staging,IT Operations,Internal Communications,No,Low,Test Data,No,14,India,Microsoft Exchange 2019 CU12,COO,Internal email and chat offline; operational coordination degraded,No,ISO 27001,Low,24,,Medium,CVE-2024-21410,Unknown,Exchange NTLMv2 Relay,No,CVE-2024-21410,Unknown,1.5,2.9,1.8000000000000003,9.86,5.433333333333334,3.154333333333333
V-2095,A-1046,Jenkins Arbitrary File Read via CLI,CVE-2024-23897,Critical,9.8,Yes,Yes,90,Internal,No,Open,Jenkins CLI,dev-build-server-01,Build Server,Development,Engineering,Software Delivery,No,Medium,Source Code,No,12,India,Jenkins 2.414 / Ubuntu 22.04,VP Engineering,Product releases blocked; CI/CD pipelines offline,No,SOC 2,Medium,24,,Medium,CVE-2024-23897,SilentForge,Build Chain Theft,No,CVE-2024-23897,Known,6.5,1.85,4.05,9.86,5.3,4.941
V-2096,A-1046,Exposed CI/CD Secrets in Build Vars,CICD-SYN-001,Critical,9.4,Yes,Yes,14,Internal,Yes,Open,Build Pipeline,dev-build-server-01,Build Server,Development,Engineering,Software Delivery,No,Medium,Source Code,No,12,India,Jenkins 2.414 / Ubuntu 22.04,VP Engineering,Product releases blocked; CI/CD pipelines offline,No,SOC 2,Medium,24,,Medium,CICD-SYN-001,SilentForge,Build Chain Theft,No,,Unknown,3.5,0.35,4.05,9.58,4.033333333333333,3.5113333333333334
V-2097,A-1047,Jenkins Arbitrary File Read via CLI,CVE-2024-23897,Critical,9.8,Yes,Yes,90,Internal,No,Open,Jenkins CLI,dev-build-server-02,Build Server,Development,Engineering,Software Delivery,No,Medium,Source Code,No,15,India,Jenkins 2.387 / Ubuntu 20.04,VP Engineering,Product releases blocked; CI/CD pipelines offline,No,SOC 2,Medium,24,,Medium,CVE-2024-23897,SilentForge,Build Chain Theft,No,CVE-2024-23897,Known,6.5,1.85,4.05,9.86,5.5,4.960999999999999
V-2098,A-1047,Outdated Build Agent — EOL Version,CVE-SYN-2023-0771,Medium,6.2,No,Yes,180,Internal,Yes,Open,Build Agent,dev-build-server-02,Build Server,Development,Engineering,Software Delivery,No,Medium,Source Code,No,15,India,Jenkins 2.387 / Ubuntu 20.04,VP Engineering,Product releases blocked; CI/CD pipelines offline,No,SOC 2,Medium,24,,Medium,,None observed,,No,,Unknown,0.0,0.35,4.05,5.54,7.0,2.354
V-2099,A-1051,Executive Laptop Missing EDR Agent,CTRL-SYN-001,High,7.5,No,Yes,9,Internal,Yes,Open,Endpoint Control,exec-laptop-ceo,Endpoint,Production,Executive Office,Executive Operations,No,High,Executive Confidential,No,9,UAE,Windows 11 22H2,CEO Office,Executive communications and sensitive strategic files compromised,No,ISO 27001,High,8,,Low,CTRL-SYN-001,Unknown,Endpoint Drift,No,,Unknown,0.0,3.5,6.083333333333335,7.35,3.75,3.505833333333334
V-2100,A-1051,Windows DWM Kernel Privilege Escalation,CVE-2024-30051,High,7.8,Yes,Yes,22,Internal,Yes,Open,Windows DWM,exec-laptop-ceo,Endpoint,Production,Executive Office,Executive Operations,No,High,Executive Confidential,No,9,UAE,Windows 11 22H2,CEO Office,Executive communications and sensitive strategic files compromised,No,ISO 27001,High,8,,Low,,None observed,,No,CVE-2024-30051,Known,4.5,3.5,6.083333333333335,7.5600000000000005,3.966666666666667,4.8985
V-2101,A-1051,NTLM Hash Disclosure via Spoofing,CVE-2024-43451,Medium,6.5,Yes,Yes,30,Internal,Yes,Open,NTLM Protocol,exec-laptop-ceo,Endpoint,Production,Executive Office,Executive Operations,No,High,Executive Confidential,No,9,UAE,Windows 11 22H2,CEO Office,Executive communications and sensitive strategic files compromised,No,ISO 27001,High,8,,Low,,None observed,,No,CVE-2024-43451,Unknown,1.5,3.5,6.083333333333335,5.75,4.1,3.830833333333334
V-2102,A-1052,Windows DWM Kernel Privilege Escalation,CVE-2024-30051,High,7.8,Yes,Yes,22,Internal,Yes,Open,Windows DWM,exec-laptop-cfo,Endpoint,Production,Finance Team,Executive Operations,No,High,Executive Confidential,Yes,2,UAE,Windows 11 22H2,CEO Office,Executive communications and sensitive strategic files compromised,No,ISO 27001,High,8,,Low,,None observed,,No,CVE-2024-30051,Known,4.5,3.5,6.083333333333335,7.5600000000000005,0.5,4.551833333333334
V-2103,A-1052,NTLM Hash Disclosure via Spoofing,CVE-2024-43451,Medium,6.5,Yes,Yes,30,Internal,Yes,Open,NTLM Protocol,exec-laptop-cfo,Endpoint,Production,Finance Team,Executive Operations,No,High,Executive Confidential,Yes,2,UAE,Windows 11 22H2,CEO Office,Executive communications and sensitive strategic files compromised,No,ISO 27001,High,8,,Low,,None observed,,No,CVE-2024-43451,Unknown,1.5,3.5,6.083333333333335,5.75,0.6333333333333333,3.4841666666666673
V-2104,A-1057,Missing EDR Agent on Operations Workstation,CTRL-SYN-001,High,7.5,No,Yes,7,Internal,Yes,Open,Endpoint Control,ops-workstation-001,Endpoint,Production,IT Operations,Employee Services,No,Medium,Internal Confidential,No,7,UAE,Windows 10 21H2,Head of HR,HR workflows and payroll processing impacted; employee data at risk,No,GDPR,Medium,12,,Low,CTRL-SYN-001,Unknown,Endpoint Drift,No,,Unknown,0.0,3.5,4.35,7.35,3.5833333333333335,3.055833333333333
V-2105,A-1057,Windows 10 21H2 EOL — No Extended Support,CVE-SYN-2024-0003,High,7.9,No,No,90,Internal,Yes,Open,Operating System,ops-workstation-001,Endpoint,Production,IT Operations,Employee Services,No,Medium,Internal Confidential,No,7,UAE,Windows 10 21H2,Head of HR,HR workflows and payroll processing impacted; employee data at risk,No,GDPR,Medium,12,,Low,,None observed,,No,,Unknown,0.0,3.5,4.35,7.630000000000001,6.966666666666667,3.422166666666667
V-2106,A-1058,Missing EDR Agent on Finance Workstation,CTRL-SYN-001,High,7.5,No,Yes,6,Internal,Yes,Open,Endpoint Control,ops-workstation-002,Endpoint,Production,Finance Team,Financial Reporting,No,Medium,Financial Data,No,6,UAE,Windows 10 21H2,CFO,Monthly and quarterly close delayed; board and regulator reporting at risk,No,"SOC 2, IFRS",High,4,,Very Low,CTRL-SYN-001,Unknown,Endpoint Drift,No,,Unknown,0.0,3.5,6.366666666666667,7.35,3.5,3.5516666666666667
V-2107,A-1058,Windows 10 21H2 EOL,CVE-SYN-2024-0003,High,7.9,No,No,90,Internal,Yes,Open,Operating System,ops-workstation-002,Endpoint,Production,Finance Team,Financial Reporting,No,Medium,Financial Data,No,6,UAE,Windows 10 21H2,CFO,Monthly and quarterly close delayed; board and regulator reporting at risk,No,"SOC 2, IFRS",High,4,,Very Low,,None observed,,No,,Unknown,0.0,3.5,6.366666666666667,7.630000000000001,6.9,3.9196666666666666
V-2108,A-1059,Windows Server 2012 R2 End of Support,CVE-SYN-2024-0001,Critical,10.0,No,No,365,Internal,Yes,Open,Operating System,legacy-reporting-server,Application Server,Production,,Financial Reporting,No,High,Financial Data,No,62,UAE,Windows Server 2012 R2 / IIS 8.5,CFO,Monthly and quarterly close delayed; board and regulator reporting at risk,No,"SOC 2, IFRS",High,4,,Very Low,CVE-SYN-2024-0001,GhostByte,Legacy OS Exploitation,No,,Unknown,2.0,3.5,6.966666666666667,10.0,10.0,5.216666666666667
V-2109,A-1059,IIS 8.5 Multiple Vulnerabilities,CVE-SYN-2024-0050,High,8.3,No,No,280,Internal,Yes,Open,Web Server,legacy-reporting-server,Application Server,Production,,Financial Reporting,No,High,Financial Data,No,62,UAE,Windows Server 2012 R2 / IIS 8.5,CFO,Monthly and quarterly close delayed; board and regulator reporting at risk,No,"SOC 2, IFRS",High,4,,Very Low,,None observed,,No,,Unknown,0.0,3.5,6.966666666666667,7.91,10.0,4.407666666666667
V-2110,A-1059,No EDR Installed on Legacy Server,CTRL-SYN-001,High,7.5,No,Yes,62,Internal,Yes,Open,Endpoint Control,legacy-reporting-server,Application Server,Production,,Financial Reporting,No,High,Financial Data,No,62,UAE,Windows Server 2012 R2 / IIS 8.5,CFO,Monthly and quarterly close delayed; board and regulator reporting at risk,No,"SOC 2, IFRS",High,4,,Very Low,CTRL-SYN-001,Unknown,Endpoint Drift,No,,Unknown,0.0,3.5,6.966666666666667,7.35,6.033333333333333,3.955
V-2111,A-1059,Orphaned Asset — No Assigned Owner,CTRL-SYN-012,High,8.0,No,Yes,62,Internal,Yes,Open,Asset Management,legacy-reporting-server,Application Server,Production,,Financial Reporting,No,High,Financial Data,No,62,UAE,Windows Server 2012 R2 / IIS 8.5,CFO,Monthly and quarterly close delayed; board and regulator reporting at risk,No,"SOC 2, IFRS",High,4,,Very Low,,None observed,,No,,Unknown,0.0,3.5,6.966666666666667,7.699999999999999,6.033333333333333,3.99
V-2112,A-1060,Ubuntu 18.04 End of Life,CVE-SYN-2024-0004,High,8.0,No,No,200,Internal,Yes,Open,Operating System,dr-failover-site,Application Server,Production,Infrastructure,Backup and Recovery,No,Critical,Internal Confidential,No,38,UAE,Various / Ubuntu 18.04,Head of Infrastructure,Disaster recovery capability lost; data restoration impossible if primary fails,No,ISO 27001,High,4,,Low,,None observed,,No,,Unknown,0.0,3.5,6.166666666666667,7.699999999999999,10.0,4.186666666666667
V-2113,A-1060,DR Site Not Tested in Over 6 Months,CTRL-SYN-013,High,7.5,No,Yes,185,Internal,Yes,Open,DR Procedure,dr-failover-site,Application Server,Production,Infrastructure,Backup and Recovery,No,Critical,Internal Confidential,No,38,UAE,Various / Ubuntu 18.04,Head of Infrastructure,Disaster recovery capability lost; data restoration impossible if primary fails,No,ISO 27001,High,4,,Low,,None observed,,No,,Unknown,0.0,3.5,6.166666666666667,7.35,8.0,3.951666666666667
V-2114,A-1060,No EDR on Disaster Recovery Site,CTRL-SYN-001,High,7.5,No,Yes,38,Internal,Yes,Open,Endpoint Control,dr-failover-site,Application Server,Production,Infrastructure,Backup and Recovery,No,Critical,Internal Confidential,No,38,UAE,Various / Ubuntu 18.04,Head of Infrastructure,Disaster recovery capability lost; data restoration impossible if primary fails,No,ISO 27001,High,4,,Low,CTRL-SYN-001,Unknown,Endpoint Drift,No,,Unknown,0.0,3.5,6.166666666666667,7.35,5.633333333333333,3.7150000000000003
